disease,n,hr,alpha,p_event,events_needed,power,datasets,total_fields,years,cost_ntd,n_cohort,observation_years,power_at_hr15
ALS,200.0,1.2,0.05,0.55,110.0,0.1577,Health-01+Health-02+Health-08+Health-10+Health-51,31,5.0,32550,,,
ALS,500.0,1.2,0.05,0.55,275.0,0.327,Health-01+Health-02+Health-08+Health-10+Health-51,31,5.0,32550,,,
ALS,1000.0,1.2,0.05,0.55,550.0,0.5706,Health-01+Health-02+Health-08+Health-10+Health-51,31,5.0,32550,,,
ALS,2000.0,1.2,0.05,0.55,1100.0,0.8562,Health-01+Health-02+Health-08+Health-10+Health-51,31,5.0,32550,,,
ALS,5000.0,1.2,0.05,0.55,2750.0,0.9976,Health-01+Health-02+Health-08+Health-10+Health-51,31,5.0,32550,,,
ALS,200.0,1.2,0.01,0.55,110.0,0.0526,Health-01+Health-02+Health-08+Health-10+Health-51,31,5.0,32550,,,
ALS,500.0,1.2,0.01,0.55,275.0,0.1436,Health-01+Health-02+Health-08+Health-10+Health-51,31,5.0,32550,,,
ALS,1000.0,1.2,0.01,0.55,550.0,0.3307,Health-01+Health-02+Health-08+Health-10+Health-51,31,5.0,32550,,,
ALS,2000.0,1.2,0.01,0.55,1100.0,0.6728,Health-01+Health-02+Health-08+Health-10+Health-51,31,5.0,32550,,,
ALS,5000.0,1.2,0.01,0.55,2750.0,0.9863,Health-01+Health-02+Health-08+Health-10+Health-51,31,5.0,32550,,,
ALS,200.0,1.5,0.05,0.55,110.0,0.566,Health-01+Health-02+Health-08+Health-10+Health-51,31,5.0,32550,,,
ALS,500.0,1.5,0.05,0.55,275.0,0.9195,Health-01+Health-02+Health-08+Health-10+Health-51,31,5.0,32550,,,
ALS,1000.0,1.5,0.05,0.55,550.0,0.9974,Health-01+Health-02+Health-08+Health-10+Health-51,31,5.0,32550,,,
ALS,2000.0,1.5,0.05,0.55,1100.0,1.0,Health-01+Health-02+Health-08+Health-10+Health-51,31,5.0,32550,,,
ALS,5000.0,1.5,0.05,0.55,2750.0,1.0,Health-01+Health-02+Health-08+Health-10+Health-51,31,5.0,32550,,,
ALS,200.0,1.5,0.01,0.55,110.0,0.3265,Health-01+Health-02+Health-08+Health-10+Health-51,31,5.0,32550,,,
ALS,500.0,1.5,0.01,0.55,275.0,0.7841,Health-01+Health-02+Health-08+Health-10+Health-51,31,5.0,32550,,,
ALS,1000.0,1.5,0.01,0.55,550.0,0.9853,Health-01+Health-02+Health-08+Health-10+Health-51,31,5.0,32550,,,
ALS,2000.0,1.5,0.01,0.55,1100.0,1.0,Health-01+Health-02+Health-08+Health-10+Health-51,31,5.0,32550,,,
ALS,5000.0,1.5,0.01,0.55,2750.0,1.0,Health-01+Health-02+Health-08+Health-10+Health-51,31,5.0,32550,,,
ALS,200.0,2.0,0.05,0.55,110.0,0.953,Health-01+Health-02+Health-08+Health-10+Health-51,31,5.0,32550,,,
ALS,500.0,2.0,0.05,0.55,275.0,0.9999,Health-01+Health-02+Health-08+Health-10+Health-51,31,5.0,32550,,,
ALS,1000.0,2.0,0.05,0.55,550.0,1.0,Health-01+Health-02+Health-08+Health-10+Health-51,31,5.0,32550,,,
ALS,2000.0,2.0,0.05,0.55,1100.0,1.0,Health-01+Health-02+Health-08+Health-10+Health-51,31,5.0,32550,,,
ALS,5000.0,2.0,0.05,0.55,2750.0,1.0,Health-01+Health-02+Health-08+Health-10+Health-51,31,5.0,32550,,,
ALS,200.0,2.0,0.01,0.55,110.0,0.8552,Health-01+Health-02+Health-08+Health-10+Health-51,31,5.0,32550,,,
ALS,500.0,2.0,0.01,0.55,275.0,0.9992,Health-01+Health-02+Health-08+Health-10+Health-51,31,5.0,32550,,,
ALS,1000.0,2.0,0.01,0.55,550.0,1.0,Health-01+Health-02+Health-08+Health-10+Health-51,31,5.0,32550,,,
ALS,2000.0,2.0,0.01,0.55,1100.0,1.0,Health-01+Health-02+Health-08+Health-10+Health-51,31,5.0,32550,,,
ALS,5000.0,2.0,0.01,0.55,2750.0,1.0,Health-01+Health-02+Health-08+Health-10+Health-51,31,5.0,32550,,,
ALS,200.0,2.5,0.05,0.55,110.0,0.9978,Health-01+Health-02+Health-08+Health-10+Health-51,31,5.0,32550,,,
ALS,500.0,2.5,0.05,0.55,275.0,1.0,Health-01+Health-02+Health-08+Health-10+Health-51,31,5.0,32550,,,
ALS,1000.0,2.5,0.05,0.55,550.0,1.0,Health-01+Health-02+Health-08+Health-10+Health-51,31,5.0,32550,,,
ALS,2000.0,2.5,0.05,0.55,1100.0,1.0,Health-01+Health-02+Health-08+Health-10+Health-51,31,5.0,32550,,,
ALS,5000.0,2.5,0.05,0.55,2750.0,1.0,Health-01+Health-02+Health-08+Health-10+Health-51,31,5.0,32550,,,
ALS,200.0,2.5,0.01,0.55,110.0,0.9871,Health-01+Health-02+Health-08+Health-10+Health-51,31,5.0,32550,,,
ALS,500.0,2.5,0.01,0.55,275.0,1.0,Health-01+Health-02+Health-08+Health-10+Health-51,31,5.0,32550,,,
ALS,1000.0,2.5,0.01,0.55,550.0,1.0,Health-01+Health-02+Health-08+Health-10+Health-51,31,5.0,32550,,,
ALS,2000.0,2.5,0.01,0.55,1100.0,1.0,Health-01+Health-02+Health-08+Health-10+Health-51,31,5.0,32550,,,
ALS,5000.0,2.5,0.01,0.55,2750.0,1.0,Health-01+Health-02+Health-08+Health-10+Health-51,31,5.0,32550,,,
ALS,,,,,,,Health-01+Health-02+Health-08+Health-10+Health-51,31,,6510,500.0,1.0,0.324
ALS,,,,,,,Health-01+Health-02+Health-08+Health-10+Health-51,31,,6510,1000.0,1.0,0.566
ALS,,,,,,,Health-01+Health-02+Health-08+Health-10+Health-51,31,,6510,2000.0,1.0,0.8525
ALS,,,,,,,Health-01+Health-02+Health-08+Health-10+Health-51,31,,13020,500.0,2.0,0.566
ALS,,,,,,,Health-01+Health-02+Health-08+Health-10+Health-51,31,,13020,1000.0,2.0,0.8525
ALS,,,,,,,Health-01+Health-02+Health-08+Health-10+Health-51,31,,13020,2000.0,2.0,0.9891
ALS,,,,,,,Health-01+Health-02+Health-08+Health-10+Health-51,31,,19530,500.0,3.0,0.7403
ALS,,,,,,,Health-01+Health-02+Health-08+Health-10+Health-51,31,,19530,1000.0,3.0,0.9575
ALS,,,,,,,Health-01+Health-02+Health-08+Health-10+Health-51,31,,19530,2000.0,3.0,0.9994
ALS,,,,,,,Health-01+Health-02+Health-08+Health-10+Health-51,31,,26040,500.0,4.0,0.8525
ALS,,,,,,,Health-01+Health-02+Health-08+Health-10+Health-51,31,,26040,1000.0,4.0,0.9891
ALS,,,,,,,Health-01+Health-02+Health-08+Health-10+Health-51,31,,26040,2000.0,4.0,1.0
ALS,,,,,,,Health-01+Health-02+Health-08+Health-10+Health-51,31,,32550,500.0,5.0,0.9195
ALS,,,,,,,Health-01+Health-02+Health-08+Health-10+Health-51,31,,32550,1000.0,5.0,0.9974
ALS,,,,,,,Health-01+Health-02+Health-08+Health-10+Health-51,31,,32550,2000.0,5.0,1.0
ALS,,,,,,,Health-01+Health-02+Health-08+Health-10+Health-51,31,,39060,500.0,6.0,0.9575
ALS,,,,,,,Health-01+Health-02+Health-08+Health-10+Health-51,31,,39060,1000.0,6.0,0.9994
ALS,,,,,,,Health-01+Health-02+Health-08+Health-10+Health-51,31,,39060,2000.0,6.0,1.0
ALS,,,,,,,Health-01+Health-02+Health-08+Health-10+Health-51,31,,45570,500.0,7.0,0.9782
ALS,,,,,,,Health-01+Health-02+Health-08+Health-10+Health-51,31,,45570,1000.0,7.0,0.9999
ALS,,,,,,,Health-01+Health-02+Health-08+Health-10+Health-51,31,,45570,2000.0,7.0,1.0
ALS,,,,,,,Health-01+Health-02+Health-08+Health-10+Health-51,31,,52080,500.0,8.0,0.9891
ALS,,,,,,,Health-01+Health-02+Health-08+Health-10+Health-51,31,,52080,1000.0,8.0,1.0
ALS,,,,,,,Health-01+Health-02+Health-08+Health-10+Health-51,31,,52080,2000.0,8.0,1.0
ALS,,,,,,,Health-01+Health-02+Health-08+Health-10+Health-51,31,,58590,500.0,9.0,0.9904
ALS,,,,,,,Health-01+Health-02+Health-08+Health-10+Health-51,31,,58590,1000.0,9.0,1.0
ALS,,,,,,,Health-01+Health-02+Health-08+Health-10+Health-51,31,,58590,2000.0,9.0,1.0
ALS,,,,,,,Health-01+Health-02+Health-08+Health-10+Health-51,31,,65100,500.0,10.0,0.9904
ALS,,,,,,,Health-01+Health-02+Health-08+Health-10+Health-51,31,,65100,1000.0,10.0,1.0
ALS,,,,,,,Health-01+Health-02+Health-08+Health-10+Health-51,31,,65100,2000.0,10.0,1.0
