gene_symbol,log2FC,p_value,padj_BH,gini_importance,permutation_p,mean_log2expr_ALS,mean_log2expr_Control
SRP72,-1.9994575210248744,7.855027975647795e-07,0.0101850434774421,0.0017546499747464,,2.829874923085571,4.829332444110445
NPY2R,-1.734855572600303,1.0243946167907616e-06,0.0101850434774421,0.0,,2.5881543456988956,4.323009918299198
WDR36,-2.282213999071699,3.3596148904396825e-06,0.0222686473654643,0.0014002706038033,,3.1832989735845016,5.4655129726562
MARK3,-2.8965820516729353,3.304183011157349e-05,0.0818305417259984,0.0053012145511044,1e-09,5.393680649459768,8.290262701132702
THBS3,-1.5545537464357029,6.584303080794447e-05,0.0818305417259984,0.0,,3.103944794426612,4.658498540862312
ENAH,-2.8099337528570776,2.813625770206942e-05,0.0818305417259984,0.0,,4.429674869459637,7.239608622316712
TCP11L1,-2.471943831286511,4.402208898529627e-05,0.0818305417259984,0.0013046672747754,,3.459303261032883,5.931247092319394
RIMKLA,-2.0903440444400467,6.446502933360331e-05,0.0818305417259984,0.0014241126489106,,3.779403731305746,5.8697477757457905
BORCS6,-1.6546997331378597,1.675187450749044e-05,0.0818305417259984,0.0025274725274725,1e-09,3.060881049323569,4.715580782461427
SPA17,-2.121700285958175,6.494368987222519e-05,0.0818305417259984,0.0011825284090909,,2.9034723051919937,5.0251725911501675
TIMM17B,-1.9100190606851373,5.6671339231967895e-05,0.0818305417259984,0.0027131564088085,1e-09,2.8680330698383925,4.77805213052353
BRD8,-2.1403803573956672,5.885653869648305e-05,0.0818305417259984,0.001335403726708,,3.7388322478618465,5.879212605257513
TMEM256,-1.410653446905131,2.8187493725428647e-05,0.0818305417259984,0.0,,2.510167216664417,3.920820663569549
CTF1,-2.0693190638756045,4.976315993762305e-05,0.0818305417259984,0.0,,2.7450179375400667,4.814337001415671
EBLN2,-0.6142557680414626,6.189454487700651e-05,0.0818305417259984,0.0,,2.510470149544263,3.124725917585726
YME1L1,-1.995920047166439,4.245745110044124e-05,0.0818305417259984,0.0,,3.261129637353002,5.25704968451944
GALNT7,-1.89584491982474,9.824504682261686e-05,0.1053016996148745,0.0022202173404763,1e-09,2.9087357660794915,4.804580685904231
KIAA1217,-2.48118057053838,0.0001006151517567,0.1053016996148745,0.0,,3.981055499478755,6.462236070017131
FGFBP2,-1.0466647217679936,9.875341963879165e-05,0.1053016996148745,0.0,,2.528607719396776,3.5752724411647696
PADI2,-1.8270121876476608,0.0001126335316819,0.1119858888748027,0.0,,3.204905943424246,5.031918131071906
SPDYE5,-2.029093243889992,0.0001299981268674,0.1181028567477971,0.00165991902834,,2.8724441745260405,4.901537418416033
BLOC1S3,-2.4136157920703885,0.0001366037568619,0.1181028567477971,0.0,,3.297020527900475,5.710636319970862
DOCK10,-2.040631463167113,0.0001348354538108,0.1181028567477971,0.0,,3.512570389506519,5.553201852673632
LIPT2,-1.6336472615160067,0.0001591854135515,0.1266160779388952,0.0,,2.863741256153882,4.497388517669889
GPATCH8,-2.5321310889477027,0.0001529292496677,0.1266160779388952,0.003454469507101,1e-09,4.027670641056131,6.559801730003829
PTGS1,-2.082989150943065,0.0002386848636143,0.1282769868370472,0.0,,3.3319987846448567,5.414987935587919
ALKBH1,-2.152893659419933,0.0002285502029085,0.1282769868370472,0.0,,3.0496334535952783,5.2025271130152095
DCAF16,-2.019650018300579,0.0002357393874394,0.1282769868370472,0.0025073063051859,1e-09,3.0385556333838077,5.0582056516843865
SH3BP4,-1.7393943808442232,0.0001906762131366,0.1282769868370472,0.0,,3.8360437026029266,5.575438083447147
SFTPA1,-1.6066585872317465,0.0002117221890577,0.1282769868370472,0.0,,2.669092135535627,4.2757507227673734
IFFO1,-2.198437732484998,0.000183773293775,0.1282769868370472,0.0,,3.7689027564148194,5.9673404888998185
THBD,-1.5764569893381313,0.0002040152319549,0.1282769868370472,0.0,,3.1631692852544475,4.7396262745925775
NIT1,-1.9642974293907836,0.000211967478507,0.1282769868370472,0.0,,3.086542343314959,5.050839772705742
PPT2-EGFL8,-1.8618100185995932,0.0002162775187568,0.1282769868370472,0.0,,3.2651162490803327,5.1269262676799245
TAGLN2,-1.2851306675790426,0.0002339024461148,0.1282769868370472,0.0023557692307692,1e-09,3.011676643901561,4.296807311480604
JPT1,-1.336367845345238,0.0002096230441615,0.1282769868370472,0.0015589569160997,,3.010941718714104,4.347309564059341
EPN2,-2.2029093462347116,0.0001948992354677,0.1282769868370472,0.0,,3.947148904170195,6.150058250404906
MRPS18C,-1.6886724720879407,0.0002821898540674,0.1368620792227226,0.0,,3.2288455369509683,4.917518009038909
ASAP1,-1.82851255554552,0.000274236513931,0.1368620792227226,0.0022318339100346,1e-09,3.765381368740526,5.593893924286044
OXER1,-2.4836159688187447,0.0002802745080308,0.1368620792227226,0.0,,3.3478834571886114,5.831499426007354
EIF2B2,-1.7431876702089526,0.0002744034873206,0.1368620792227226,0.0,,3.2239174851263006,4.967105155335251
ZNF80,-1.2293254269129354,0.0003311387998733,0.1432394281133684,0.0,,2.7313541392376743,3.96067956615061
HMGCS2,-1.328051476699748,0.0003055890166312,0.1432394281133684,0.0,,2.706245242481226,4.034296719180974
TMEM164,-2.312187070325632,0.0003457627633614,0.1432394281133684,0.0,,4.039643465007233,6.351830535332864
PRSS51,-1.0643915817554974,0.0003128465100873,0.1432394281133684,0.0,,2.7371033014531,3.801494883208598
OAT,-1.3956577003922843,0.0003412608432096,0.1432394281133684,0.0021905048076923,1e-09,2.802088255328326,4.19774595572061
ATP6V1H,-2.0379379456797553,0.0003391983342963,0.1432394281133684,0.0004149222488038,,3.72122424074993,5.759162186429681
TMPPE,-1.81292152837986,0.0003438903169161,0.1432394281133684,0.0006816965227124,,3.3721113965182856,5.185032924898144
MTFR2,-1.3189305676652343,0.0003878483574914,0.1476477952850302,0.0,,2.690009007323978,4.0089395749892125
MED28,-2.1361931699798147,0.0003782260343955,0.1476477952850302,0.0013659563748337,,5.263784650285551,7.3999778202653665
TRPC1,-1.4946913500214665,0.0003839751727043,0.1476477952850302,0.0,,2.747197772843029,4.241889122864497
RAB38,-0.718137680445376,0.0003935294518534,0.1476477952850302,0.0,,2.5659347326845627,3.284072413129939
C17orf58,-1.0914692419121104,0.0003673299938778,0.1476477952850302,0.0009210647508519,,2.8212382842023924,3.912707526114504
ZNF839,-1.7530841482982846,0.0004016709907844,0.1479116231805293,0.0009859943977591,,3.3734870206452685,5.126571168943552
STPG3,-0.9955195148359904,0.0004097785369873,0.1481535674180807,0.0052120924023748,1e-09,2.713073015043622,3.708592529879613
ENY2,-1.776765338184661,0.0004293867452796,0.1510209738612675,0.0,,3.344147404768044,5.120912742952703
MOCS1,-1.5522445471917117,0.0004328989444351,0.1510209738612675,0.0,,3.3279497643094405,4.880194311501152
MARCKSL1,-1.460699840112928,0.000446938467537,0.1532305418443678,0.0,,2.7703772788167185,4.2310771189296466
KBTBD4,-2.2174582731451644,0.000471366050323,0.1565516428548385,0.0,,3.778110304548084,5.995568577693247
AFM,-1.0523298078351877,0.000472371062172,0.1565516428548385,0.0,,2.499832536486523,3.5521623443217103
PBX1,-2.493042898733826,0.0004902623504538,0.1571489725397094,0.0,,4.63941258483076,7.132455483564583
YIPF3,-1.3539971463073095,0.0005136878659834,0.1571489725397094,0.0,,2.8112934629182615,4.165290609225571
ISCU,-1.5217873758258398,0.0005038306191728,0.1571489725397094,0.003469209070232,1e-09,3.1009163436693616,4.622703719495201
LNPEP,-2.0508217869394594,0.0005030959757623,0.1571489725397094,0.0,,4.649274111419924,6.7000958983593835
PHYHD1,-1.577517625856342,0.0005063180935789,0.1571489725397094,0.0,,3.66404957346497,5.241567199321311
EIF5B,-1.841347837600876,0.0005390791893508,0.1624180254582048,0.0,,3.4273269593796347,5.268674796980509
KIFAP3,-2.097734119923659,0.0006227003593283,0.170249816579863,0.0,,3.4234083111249554,5.521142431048616
ARID2,-1.9983560569351375,0.0006171162150967,0.170249816579863,0.0,,3.684852223166766,5.683208280101903
ADAT2,-1.8968290184391023,0.0006410693341953,0.170249816579863,0.0005449907235621,,3.310615195607645,5.207444214046747
FBXO33,-1.2408019896225144,0.0006385500121568,0.170249816579863,0.0,,3.0439262833919,4.284728273014413
DVL3,-1.9412543103060655,0.000586377525687,0.170249816579863,0.0039444834691072,1e-09,4.19196103384056,6.13321534414662
GSX2,-0.9660385405291976,0.0006293668868689,0.170249816579863,0.0,,2.5652286897680905,3.531267230297288
M1AP,-1.967764005924009,0.0006250573028108,0.170249816579863,0.0,,3.183081469335765,5.15084547525977
PACS1,-1.869297905686454,0.0005939836359958,0.170249816579863,0.0034436287655064,1e-09,4.008922430218725,5.878220335905175
SHF,-1.9358528926837948,0.0006421290542363,0.170249816579863,0.0,,4.077857028552063,6.013709921235858
TAPBPL,-1.5008027218788382,0.0006817833071296,0.1783850139772874,0.0,,2.8673394553107743,4.368142177189611
TEX48,1.6487753993444552,0.0007009493966662,0.1789864717486067,0.0,,5.207035356333351,3.5582599569888953
SETBP1,-2.2213261733328893,0.0007020842241081,0.1789864717486067,0.0,,5.071076312066074,7.292402485398964
ZSCAN29,-1.9330640519863604,0.0007599181931475,0.1888871658842456,0.0012635977598266,,4.0178753921575785,5.9509394441439385
COPS2,-1.4173676497201169,0.0007545968297714,0.1888871658842456,0.0,,2.8386550753346818,4.256022725054797
GSK3B,-2.160285083436716,0.000813209320811,0.1946021171562069,0.0018253968253968,,5.655710365161503,7.815995448598216
ZNF43,-1.684294663042024,0.000836300738345,0.1946021171562069,0.0014157014157014,,3.6179590780366486,5.302253741078672
PMVK,-0.7889934497925007,0.0008496949543235,0.1946021171562069,0.0,,2.5355884918568012,3.324581941649302
LGR5,-1.944000544534056,0.0008222557270666,0.1946021171562069,0.0,,3.329330415835979,5.273330960370034
GALK2,-1.6798362779395328,0.0008543232665026,0.1946021171562069,0.0,,3.1956257082375896,4.875461986177121
SYT7,-1.900466940193355,0.0008586841212197,0.1946021171562069,0.0,,3.876493778429892,5.776960718623246
SMUG1,-1.8854563366219348,0.0008006069534171,0.1946021171562069,0.007901957070707,1e-09,3.5170191269078703,5.402475463529805
LRRC41,-1.804055697904948,0.0008612012225167,0.1946021171562069,0.0007519999999999,,3.690174517830252,5.4942302157352
BCAT1,-1.8437778307826809,0.0008736075029198,0.1951874741074244,0.0,,3.923329755102664,5.767107585885341
LRRC59,-1.7466736669363483,0.0009430563385076,0.1985535680784265,0.0027874848032312,1e-09,4.097677924907239,5.844351591843585
TPI1,-1.7385621512140148,0.0009432544564584,0.1985535680784265,0.0,,3.795081380203935,5.533643531417949
PRXL2C,-1.3278213453371126,0.0009385646788019,0.1985535680784265,0.0019047619047619,,3.406460100666186,4.734281446003297
ADH1C,-0.5821868696652115,0.0009485838052527,0.1985535680784265,0.0016172709493004,,2.499832536486523,3.0820194061517348
ENAM,-1.8923124755845184,0.0009319348079017,0.1985535680784265,0.0007180981979982,,3.3922681037380125,5.2845805793225304
STX4,-1.6821043677743517,0.0009466465431998,0.1985535680784265,0.0011969904240766,,3.4638551398078254,5.145959507582175
TCF23,-1.864785878979526,0.0010061802056422,0.2020999332242085,0.0,,3.9139736477959577,5.778759526775482
ADH5,-1.550558252913437,0.0009836646661042,0.2020999332242085,0.0,,3.54300402824782,5.0935622811612555
VN1R1,-0.931427465934341,0.0010010566225554,0.2020999332242085,0.0,,2.6533966305594,3.5848240964937417
TMEM41B,-1.5548084419306656,0.0009889140959327,0.2020999332242085,0.0,,3.574333282698883,5.129141724629546
NOMO1,-1.3200887917692845,0.0010428017109957,0.2073611202315013,0.0026290740723025,1e-09,2.960888544338641,4.2809773361079255
