time,event,risk_tier
41.0,1,high_risk
60.0,0,low_risk
33.0,1,high_risk
60.0,0,low_risk
60.0,0,high_risk
60.0,0,low_risk
60.0,0,low_risk
60.0,0,low_risk
30.0,1,high_risk
60.0,0,low_risk
45.0,1,low_risk
60.0,0,low_risk
25.0,1,high_risk
28.0,1,high_risk
44.0,1,high_risk
57.0,1,high_risk
54.0,1,low_risk
60.0,0,high_risk
60.0,0,high_risk
60.0,0,low_risk
60.0,0,low_risk
60.0,0,low_risk
60.0,0,low_risk
60.0,0,low_risk
32.0,1,high_risk
60.0,0,low_risk
60.0,0,low_risk
60.0,0,high_risk
60.0,0,low_risk
17.0,1,high_risk
60.0,0,low_risk
5.0,1,high_risk
26.0,1,high_risk
15.0,1,high_risk
42.0,1,high_risk
11.0,1,high_risk
15.0,1,high_risk
60.0,0,low_risk
60.0,0,low_risk
36.0,1,low_risk
60.0,0,low_risk
53.0,1,high_risk
60.0,0,low_risk
60.0,0,high_risk
60.0,0,low_risk
60.0,0,low_risk
60.0,0,low_risk
60.0,0,low_risk
46.0,1,high_risk
60.0,0,low_risk
60.0,0,high_risk
32.0,1,high_risk
60.0,0,low_risk
60.0,0,high_risk
60.0,0,low_risk
21.0,1,high_risk
60.0,0,low_risk
22.0,1,high_risk
15.0,1,high_risk
60.0,0,low_risk
36.0,1,high_risk
60.0,0,low_risk
60.0,0,high_risk
60.0,0,low_risk
60.0,0,low_risk
46.0,1,high_risk
55.0,1,high_risk
40.0,1,high_risk
60.0,0,low_risk
60.0,0,low_risk
7.0,1,high_risk
11.0,1,high_risk
60.0,0,low_risk
60.0,0,low_risk
39.0,1,high_risk
51.0,1,low_risk
55.0,1,low_risk
23.0,1,high_risk
30.0,1,high_risk
43.0,1,high_risk
60.0,0,high_risk
48.0,1,high_risk
23.0,1,high_risk
60.0,0,low_risk
48.0,1,low_risk
60.0,0,low_risk
60.0,0,low_risk
20.0,1,high_risk
49.0,1,high_risk
60.0,0,high_risk
18.0,1,high_risk
22.0,1,high_risk
12.0,1,high_risk
60.0,0,low_risk
22.0,1,high_risk
60.0,0,high_risk
60.0,0,high_risk
60.0,0,low_risk
60.0,0,high_risk
56.0,1,high_risk
40.0,1,high_risk
23.0,1,high_risk
60.0,0,low_risk
60.0,0,high_risk
60.0,1,high_risk
60.0,0,low_risk
23.0,1,high_risk
60.0,0,high_risk
60.0,0,low_risk
20.0,1,high_risk
60.0,0,high_risk
60.0,0,low_risk
59.0,1,high_risk
36.0,1,low_risk
60.0,0,low_risk
60.0,0,low_risk
60.0,0,low_risk
60.0,0,high_risk
60.0,0,low_risk
60.0,0,high_risk
60.0,0,low_risk
60.0,0,low_risk
20.0,1,high_risk
57.0,1,high_risk
39.0,1,high_risk
60.0,0,high_risk
36.0,1,high_risk
43.0,1,high_risk
60.0,0,high_risk
60.0,0,low_risk
60.0,0,low_risk
23.0,1,high_risk
17.0,1,high_risk
60.0,0,low_risk
46.0,1,low_risk
36.0,1,high_risk
43.0,1,low_risk
60.0,0,low_risk
47.0,1,high_risk
57.0,1,high_risk
60.0,0,low_risk
60.0,0,low_risk
54.0,1,high_risk
60.0,0,low_risk
60.0,0,low_risk
60.0,0,low_risk
35.0,1,high_risk
60.0,0,low_risk
60.0,0,low_risk
34.0,1,high_risk
48.0,1,high_risk
34.0,1,high_risk
60.0,0,low_risk
60.0,0,high_risk
60.0,0,high_risk
50.0,1,high_risk
1.0,1,high_risk
60.0,0,low_risk
53.0,1,high_risk
31.0,1,high_risk
60.0,0,low_risk
50.0,1,high_risk
60.0,0,low_risk
60.0,0,low_risk
24.0,1,high_risk
30.0,1,high_risk
60.0,0,high_risk
60.0,0,low_risk
60.0,0,low_risk
60.0,0,low_risk
60.0,0,low_risk
47.0,1,high_risk
60.0,0,high_risk
60.0,0,low_risk
17.0,1,high_risk
60.0,0,low_risk
60.0,0,low_risk
60.0,0,low_risk
56.0,1,low_risk
60.0,0,high_risk
60.0,0,low_risk
47.0,1,low_risk
60.0,0,high_risk
28.0,1,high_risk
60.0,0,low_risk
45.0,1,low_risk
37.0,1,low_risk
51.0,1,high_risk
60.0,1,high_risk
23.0,1,high_risk
31.0,1,high_risk
60.0,0,low_risk
42.0,1,high_risk
60.0,0,high_risk
49.0,1,low_risk
60.0,0,low_risk
60.0,0,low_risk
57.0,1,high_risk
14.0,1,high_risk
60.0,0,low_risk
60.0,0,low_risk
60.0,0,low_risk
60.0,0,low_risk
60.0,0,low_risk
60.0,0,low_risk
60.0,0,low_risk
51.0,1,low_risk
60.0,0,low_risk
6.0,1,high_risk
60.0,0,low_risk
60.0,0,low_risk
60.0,0,low_risk
25.0,1,high_risk
60.0,0,low_risk
60.0,0,high_risk
60.0,0,low_risk
60.0,0,low_risk
60.0,0,low_risk
60.0,0,low_risk
60.0,0,high_risk
60.0,0,low_risk
60.0,0,low_risk
60.0,0,low_risk
30.0,1,high_risk
60.0,0,low_risk
60.0,0,low_risk
20.0,1,high_risk
60.0,0,low_risk
60.0,0,low_risk
53.0,1,high_risk
15.0,1,high_risk
60.0,0,high_risk
32.0,1,high_risk
23.0,1,high_risk
60.0,0,low_risk
22.0,1,high_risk
60.0,0,high_risk
60.0,0,low_risk
60.0,0,low_risk
46.0,1,high_risk
60.0,0,high_risk
60.0,0,high_risk
25.0,1,high_risk
41.0,1,high_risk
60.0,0,low_risk
36.0,1,high_risk
31.0,1,high_risk
60.0,0,low_risk
60.0,0,low_risk
11.0,1,high_risk
31.0,1,high_risk
60.0,0,low_risk
41.0,1,high_risk
40.0,1,low_risk
54.0,1,low_risk
10.0,1,high_risk
60.0,0,low_risk
31.0,1,high_risk
60.0,0,low_risk
44.0,1,high_risk
60.0,0,low_risk
60.0,0,low_risk
60.0,0,low_risk
60.0,0,low_risk
60.0,0,low_risk
60.0,0,low_risk
60.0,0,low_risk
60.0,0,low_risk
60.0,0,low_risk
60.0,0,low_risk
23.0,1,high_risk
60.0,0,high_risk
33.0,1,high_risk
60.0,0,high_risk
17.0,1,high_risk
60.0,0,low_risk
46.0,1,high_risk
60.0,0,high_risk
60.0,0,low_risk
35.0,1,high_risk
60.0,0,low_risk
38.0,1,high_risk
32.0,1,high_risk
26.0,1,high_risk
60.0,0,low_risk
60.0,0,low_risk
60.0,0,low_risk
60.0,0,low_risk
60.0,0,low_risk
60.0,0,low_risk
15.0,1,high_risk
60.0,0,high_risk
60.0,0,high_risk
60.0,0,low_risk
60.0,0,high_risk
60.0,0,low_risk
60.0,0,low_risk
53.0,1,low_risk
60.0,0,low_risk
57.0,1,high_risk
36.0,1,low_risk
60.0,0,high_risk
60.0,0,low_risk
3.0,1,high_risk
60.0,0,high_risk
19.0,1,high_risk
53.0,1,low_risk
31.0,1,high_risk
39.0,1,low_risk
20.0,1,high_risk
60.0,0,low_risk
24.0,1,high_risk
60.0,0,low_risk
52.0,1,low_risk
60.0,0,high_risk
41.0,1,high_risk
60.0,0,low_risk
19.0,1,high_risk
60.0,0,low_risk
60.0,0,low_risk
60.0,0,low_risk
60.0,0,low_risk
60.0,0,high_risk
60.0,0,low_risk
60.0,0,low_risk
60.0,0,high_risk
60.0,0,low_risk
60.0,0,low_risk
60.0,0,low_risk
60.0,0,low_risk
60.0,0,low_risk
21.0,1,high_risk
51.0,1,low_risk
60.0,0,low_risk
43.0,1,high_risk
60.0,0,low_risk
23.0,1,high_risk
60.0,0,low_risk
60.0,0,low_risk
32.0,1,high_risk
47.0,1,high_risk
60.0,0,low_risk
36.0,1,high_risk
54.0,1,low_risk
48.0,1,high_risk
60.0,0,low_risk
60.0,0,low_risk
60.0,0,low_risk
60.0,0,high_risk
23.0,1,high_risk
60.0,0,low_risk
16.0,1,high_risk
38.0,1,high_risk
60.0,0,high_risk
60.0,0,low_risk
60.0,0,low_risk
60.0,0,low_risk
60.0,0,low_risk
60.0,0,low_risk
60.0,0,low_risk
60.0,0,low_risk
60.0,0,low_risk
60.0,1,high_risk
60.0,0,low_risk
60.0,0,high_risk
60.0,0,low_risk
60.0,0,low_risk
29.0,1,high_risk
50.0,1,high_risk
60.0,0,low_risk
60.0,0,low_risk
30.0,1,high_risk
60.0,0,high_risk
49.0,1,low_risk
60.0,0,high_risk
12.0,1,high_risk
51.0,1,high_risk
60.0,0,low_risk
60.0,0,low_risk
8.0,1,high_risk
22.0,1,high_risk
60.0,0,low_risk
60.0,0,high_risk
32.0,1,high_risk
27.0,1,high_risk
16.0,1,high_risk
2.0,1,high_risk
60.0,0,low_risk
60.0,0,low_risk
60.0,0,low_risk
60.0,0,low_risk
60.0,0,low_risk
60.0,0,low_risk
60.0,0,high_risk
60.0,0,high_risk
45.0,1,high_risk
60.0,0,low_risk
60.0,0,high_risk
60.0,0,low_risk
60.0,0,high_risk
35.0,1,high_risk
29.0,1,high_risk
60.0,0,low_risk
60.0,0,low_risk
60.0,0,low_risk
35.0,1,high_risk
60.0,0,high_risk
46.0,1,low_risk
18.0,1,high_risk
60.0,0,low_risk
60.0,0,low_risk
60.0,0,low_risk
60.0,0,high_risk
39.0,1,low_risk
46.0,1,high_risk
32.0,1,high_risk
46.0,1,high_risk
60.0,0,low_risk
60.0,0,low_risk
60.0,0,high_risk
19.0,1,high_risk
12.0,1,high_risk
60.0,0,low_risk
30.0,1,high_risk
60.0,0,high_risk
36.0,1,low_risk
60.0,0,low_risk
28.0,1,high_risk
60.0,0,low_risk
60.0,0,high_risk
60.0,0,high_risk
60.0,0,high_risk
60.0,0,low_risk
60.0,0,high_risk
60.0,0,low_risk
49.0,1,high_risk
60.0,0,low_risk
60.0,0,low_risk
60.0,0,low_risk
60.0,0,low_risk
57.0,1,high_risk
54.0,1,high_risk
60.0,0,low_risk
60.0,0,low_risk
60.0,0,low_risk
12.0,1,high_risk
60.0,0,low_risk
60.0,0,low_risk
60.0,0,high_risk
60.0,0,high_risk
60.0,0,low_risk
60.0,0,high_risk
60.0,0,low_risk
60.0,0,low_risk
60.0,0,low_risk
60.0,0,low_risk
60.0,0,low_risk
60.0,0,low_risk
21.0,1,high_risk
20.0,1,high_risk
60.0,0,low_risk
60.0,0,high_risk
60.0,0,low_risk
22.0,1,high_risk
60.0,0,low_risk
60.0,0,low_risk
60.0,0,low_risk
25.0,1,high_risk
60.0,0,high_risk
33.0,1,high_risk
60.0,0,high_risk
60.0,0,high_risk
23.0,1,high_risk
2.0,1,high_risk
60.0,0,high_risk
60.0,0,high_risk
60.0,0,low_risk
56.0,1,high_risk
55.0,1,low_risk
60.0,0,low_risk
36.0,1,low_risk
26.0,1,high_risk
60.0,0,low_risk
60.0,0,low_risk
23.0,1,high_risk
60.0,0,low_risk
51.0,1,low_risk
60.0,0,low_risk
17.0,1,high_risk
60.0,0,low_risk
60.0,0,low_risk
35.0,1,high_risk
29.0,1,high_risk
22.0,1,high_risk
44.0,1,high_risk
60.0,0,low_risk
23.0,1,high_risk
60.0,0,high_risk
60.0,0,high_risk
60.0,0,high_risk
55.0,1,high_risk
33.0,1,high_risk
17.0,1,high_risk
50.0,1,low_risk
60.0,0,high_risk
60.0,0,low_risk
60.0,0,low_risk
60.0,0,low_risk
42.0,1,low_risk
60.0,0,low_risk
60.0,0,low_risk
60.0,0,low_risk
60.0,0,high_risk
60.0,0,low_risk
60.0,0,low_risk
60.0,0,high_risk
60.0,0,low_risk
24.0,1,high_risk
60.0,0,high_risk
60.0,1,low_risk
13.0,1,high_risk
60.0,0,high_risk
45.0,1,high_risk
52.0,1,high_risk
60.0,0,high_risk
30.0,1,high_risk
23.0,1,high_risk
60.0,0,low_risk
60.0,0,low_risk
12.0,1,high_risk
60.0,0,high_risk
60.0,0,high_risk
60.0,0,low_risk
60.0,0,high_risk
38.0,1,high_risk
17.0,1,high_risk
51.0,1,low_risk
60.0,0,high_risk
60.0,0,low_risk
60.0,0,low_risk
60.0,0,low_risk
31.0,1,high_risk
19.0,1,high_risk
60.0,0,low_risk
35.0,1,high_risk
60.0,0,low_risk
37.0,1,high_risk
60.0,0,high_risk
60.0,0,high_risk
47.0,1,high_risk
42.0,1,high_risk
60.0,0,low_risk
58.0,1,low_risk
60.0,0,high_risk
60.0,0,low_risk
60.0,0,low_risk
57.0,1,low_risk
60.0,0,low_risk
60.0,0,high_risk
26.0,1,high_risk
60.0,0,low_risk
60.0,0,low_risk
20.0,1,high_risk
28.0,1,high_risk
60.0,0,low_risk
60.0,0,high_risk
60.0,0,low_risk
9.0,1,high_risk
60.0,0,low_risk
60.0,0,low_risk
60.0,0,low_risk
46.0,1,low_risk
60.0,0,low_risk
33.0,1,high_risk
60.0,0,low_risk
47.0,1,high_risk
60.0,0,low_risk
60.0,0,high_risk
60.0,0,high_risk
60.0,0,low_risk
11.0,1,high_risk
60.0,0,high_risk
24.0,1,high_risk
60.0,0,low_risk
60.0,0,low_risk
38.0,1,high_risk
60.0,0,low_risk
34.0,1,high_risk
60.0,0,low_risk
34.0,1,high_risk
60.0,0,low_risk
19.0,1,high_risk
60.0,0,low_risk
51.0,1,low_risk
20.0,1,high_risk
13.0,1,high_risk
17.0,1,high_risk
23.0,1,high_risk
60.0,0,high_risk
60.0,0,low_risk
60.0,0,low_risk
60.0,0,low_risk
32.0,1,high_risk
27.0,1,high_risk
60.0,0,low_risk
60.0,0,high_risk
60.0,0,high_risk
60.0,0,low_risk
60.0,0,low_risk
14.0,1,high_risk
60.0,0,low_risk
60.0,0,low_risk
60.0,0,high_risk
55.0,1,low_risk
60.0,0,low_risk
60.0,0,low_risk
60.0,0,low_risk
23.0,1,high_risk
35.0,1,high_risk
14.0,1,high_risk
60.0,0,low_risk
60.0,0,low_risk
7.0,1,high_risk
60.0,0,low_risk
20.0,1,high_risk
60.0,0,low_risk
40.0,1,low_risk
60.0,0,low_risk
60.0,0,low_risk
47.0,1,high_risk
14.0,1,high_risk
18.0,1,high_risk
60.0,0,high_risk
60.0,0,low_risk
60.0,0,low_risk
60.0,0,low_risk
60.0,0,low_risk
60.0,0,high_risk
60.0,0,low_risk
60.0,0,low_risk
60.0,0,low_risk
34.0,1,high_risk
37.0,1,low_risk
34.0,1,high_risk
60.0,0,low_risk
60.0,0,low_risk
60.0,0,low_risk
60.0,0,high_risk
60.0,0,low_risk
60.0,0,low_risk
60.0,0,high_risk
60.0,0,low_risk
60.0,0,low_risk
37.0,1,high_risk
60.0,0,low_risk
60.0,0,low_risk
54.0,1,high_risk
60.0,0,low_risk
29.0,1,high_risk
60.0,0,low_risk
5.0,1,high_risk
60.0,0,low_risk
60.0,0,low_risk
18.0,1,high_risk
60.0,0,low_risk
28.0,1,high_risk
60.0,0,low_risk
39.0,1,low_risk
44.0,1,high_risk
27.0,1,high_risk
56.0,1,high_risk
60.0,0,low_risk
60.0,0,low_risk
53.0,1,high_risk
36.0,1,high_risk
15.0,1,high_risk
60.0,0,low_risk
60.0,0,high_risk
60.0,0,low_risk
60.0,0,low_risk
15.0,1,high_risk
24.0,1,high_risk
28.0,1,high_risk
21.0,1,high_risk
60.0,0,high_risk
60.0,0,low_risk
60.0,0,high_risk
60.0,0,low_risk
9.0,1,high_risk
13.0,1,high_risk
60.0,0,low_risk
33.0,1,high_risk
27.0,1,high_risk
36.0,1,high_risk
60.0,0,low_risk
60.0,0,low_risk
30.0,1,high_risk
60.0,0,low_risk
60.0,0,low_risk
19.0,1,high_risk
31.0,1,high_risk
60.0,0,low_risk
60.0,0,high_risk
25.0,1,high_risk
60.0,0,low_risk
60.0,0,low_risk
36.0,1,low_risk
60.0,0,high_risk
60.0,0,high_risk
60.0,0,low_risk
35.0,1,high_risk
45.0,1,low_risk
60.0,0,low_risk
60.0,0,low_risk
60.0,0,low_risk
17.0,1,high_risk
60.0,0,high_risk
60.0,0,high_risk
51.0,1,high_risk
47.0,1,high_risk
60.0,0,low_risk
60.0,0,low_risk
60.0,0,low_risk
44.0,1,high_risk
40.0,1,low_risk
60.0,0,low_risk
60.0,0,low_risk
27.0,1,high_risk
60.0,0,low_risk
50.0,1,high_risk
60.0,0,high_risk
1.0,1,high_risk
60.0,0,low_risk
32.0,1,high_risk
33.0,1,high_risk
60.0,0,low_risk
60.0,0,high_risk
60.0,0,low_risk
60.0,0,low_risk
60.0,0,low_risk
24.0,1,high_risk
60.0,0,high_risk
48.0,1,high_risk
60.0,0,low_risk
60.0,0,low_risk
60.0,0,low_risk
60.0,0,high_risk
60.0,0,low_risk
30.0,1,high_risk
60.0,0,low_risk
16.0,1,high_risk
60.0,0,low_risk
60.0,0,low_risk
25.0,1,high_risk
60.0,0,low_risk
45.0,1,high_risk
60.0,0,low_risk
60.0,0,high_risk
30.0,1,high_risk
60.0,0,low_risk
60.0,0,low_risk
44.0,1,low_risk
60.0,0,low_risk
27.0,1,high_risk
60.0,0,low_risk
21.0,1,high_risk
60.0,0,low_risk
60.0,0,low_risk
31.0,1,high_risk
60.0,0,low_risk
60.0,0,low_risk
22.0,1,high_risk
60.0,0,high_risk
60.0,0,low_risk
5.0,1,high_risk
60.0,0,low_risk
60.0,0,low_risk
60.0,0,low_risk
38.0,1,high_risk
60.0,0,low_risk
60.0,0,high_risk
15.0,1,high_risk
60.0,0,low_risk
29.0,1,high_risk
60.0,0,high_risk
57.0,1,high_risk
60.0,0,low_risk
60.0,0,low_risk
11.0,1,high_risk
60.0,0,low_risk
3.0,1,high_risk
60.0,0,high_risk
60.0,0,low_risk
27.0,1,high_risk
60.0,0,low_risk
60.0,0,low_risk
60.0,0,low_risk
60.0,0,low_risk
60.0,0,low_risk
60.0,0,low_risk
27.0,1,high_risk
33.0,1,high_risk
60.0,0,low_risk
60.0,0,low_risk
6.0,1,high_risk
23.0,1,high_risk
28.0,1,high_risk
60.0,0,low_risk
47.0,1,high_risk
60.0,1,low_risk
60.0,0,high_risk
60.0,0,low_risk
18.0,1,high_risk
60.0,0,low_risk
40.0,1,high_risk
60.0,0,low_risk
32.0,1,high_risk
29.0,1,high_risk
60.0,0,high_risk
60.0,0,high_risk
49.0,1,low_risk
19.0,1,high_risk
26.0,1,high_risk
60.0,0,low_risk
6.0,1,high_risk
44.0,1,high_risk
60.0,0,high_risk
46.0,1,low_risk
25.0,1,high_risk
60.0,0,high_risk
60.0,0,low_risk
17.0,1,high_risk
60.0,0,low_risk
60.0,0,low_risk
19.0,1,high_risk
55.0,1,high_risk
17.0,1,high_risk
59.0,1,high_risk
60.0,0,low_risk
60.0,0,low_risk
39.0,1,low_risk
14.0,1,high_risk
60.0,0,high_risk
60.0,0,low_risk
60.0,0,low_risk
60.0,0,low_risk
60.0,0,high_risk
60.0,0,low_risk
60.0,0,high_risk
60.0,0,low_risk
60.0,0,low_risk
22.0,1,high_risk
60.0,0,low_risk
60.0,0,low_risk
60.0,0,low_risk
50.0,1,low_risk
39.0,1,high_risk
51.0,1,high_risk
60.0,0,low_risk
24.0,1,high_risk
14.0,1,high_risk
60.0,0,low_risk
60.0,0,low_risk
60.0,0,high_risk
60.0,0,low_risk
60.0,0,low_risk
60.0,0,low_risk
60.0,0,low_risk
32.0,1,high_risk
60.0,0,high_risk
60.0,0,low_risk
60.0,0,low_risk
60.0,0,high_risk
60.0,0,low_risk
60.0,0,high_risk
30.0,1,high_risk
60.0,0,low_risk
60.0,0,low_risk
31.0,1,high_risk
60.0,0,low_risk
13.0,1,high_risk
16.0,1,high_risk
60.0,0,high_risk
26.0,1,high_risk
60.0,0,low_risk
60.0,0,low_risk
34.0,1,high_risk
42.0,1,low_risk
30.0,1,high_risk
60.0,0,high_risk
60.0,0,high_risk
60.0,0,low_risk
60.0,0,low_risk
25.0,1,high_risk
60.0,0,high_risk
60.0,0,low_risk
60.0,0,high_risk
60.0,0,low_risk
60.0,0,high_risk
60.0,0,high_risk
60.0,0,high_risk
60.0,0,low_risk
60.0,0,low_risk
60.0,0,low_risk
36.0,1,low_risk
60.0,0,low_risk
60.0,0,low_risk
60.0,0,low_risk
60.0,0,low_risk
14.0,1,high_risk
60.0,0,low_risk
60.0,0,high_risk
60.0,0,high_risk
3.0,1,high_risk
60.0,1,low_risk
60.0,0,low_risk
57.0,1,high_risk
60.0,0,low_risk
60.0,0,low_risk
28.0,1,high_risk
60.0,0,low_risk
60.0,0,low_risk
60.0,0,low_risk
60.0,0,high_risk
35.0,1,high_risk
25.0,1,high_risk
60.0,0,low_risk
60.0,0,low_risk
60.0,0,low_risk
60.0,0,low_risk
14.0,1,high_risk
60.0,0,low_risk
60.0,0,high_risk
39.0,1,high_risk
27.0,1,high_risk
32.0,1,high_risk
60.0,0,low_risk
17.0,1,high_risk
60.0,0,low_risk
60.0,0,low_risk
60.0,0,low_risk
60.0,0,low_risk
30.0,1,high_risk
60.0,0,low_risk
60.0,0,low_risk
60.0,0,high_risk
60.0,0,low_risk
60.0,0,low_risk
5.0,1,high_risk
60.0,0,low_risk
60.0,0,high_risk
60.0,0,low_risk
60.0,0,high_risk
41.0,1,high_risk
60.0,0,low_risk
60.0,0,high_risk
29.0,1,high_risk
60.0,0,low_risk
60.0,0,high_risk
60.0,0,low_risk
60.0,0,high_risk
60.0,0,high_risk
32.0,1,high_risk
60.0,0,low_risk
30.0,1,high_risk
60.0,0,low_risk
41.0,1,high_risk
51.0,1,low_risk
60.0,0,low_risk
60.0,0,high_risk
10.0,1,high_risk
60.0,0,high_risk
60.0,0,low_risk
60.0,0,low_risk
60.0,0,low_risk
29.0,1,high_risk
60.0,0,low_risk
27.0,1,high_risk
33.0,1,high_risk
60.0,0,high_risk
60.0,0,low_risk
60.0,0,low_risk
60.0,0,low_risk
60.0,0,low_risk
60.0,0,low_risk
32.0,1,high_risk
29.0,1,high_risk
60.0,0,low_risk
60.0,0,low_risk
24.0,1,high_risk
22.0,1,high_risk
60.0,0,low_risk
60.0,0,low_risk
46.0,1,low_risk
39.0,1,high_risk
60.0,0,low_risk
43.0,1,low_risk
60.0,0,high_risk
20.0,1,high_risk
60.0,0,high_risk
