month,mean_ALSFRSR,sd_ALSFRSR,n
0,48.0,0.0,514
1,47.27437465631258,0.6895213075101416,514
2,46.63722425372251,1.258013626418453,514
3,46.07025543778339,1.7392893149137354,514
4,45.560374160733396,2.154904341434312,514
5,45.097983502684826,2.5189313066411265,514
6,44.67588680639008,2.840812331640384,514
7,44.28855573190804,3.127134615304475,514
8,43.93163161431471,3.3827512854777733,514
9,43.601583673470174,3.6114774057727685,514
10,43.29547571614963,3.816502322953261,514
11,43.010809966373046,4.000613307165349,514
12,42.745423395204185,4.166303980972331,514
13,42.49741963085873,4.315819396448882,514
14,42.265123527805166,4.4511720338573335,514
15,42.04704885970904,4.574150572836248,514
16,41.84187465630682,4.686330924540202,514
17,41.64842683119498,4.789091244268199,514
18,41.46566087790077,4.88362908894369,514
19,41.292647318352785,4.970979472945798,514
20,41.12855836595414,5.052034271928831,514
21,40.97265665060267,5.127559158034243,514
22,40.8242846319867,5.198209888365639,514
23,40.68285512693564,5.264547381814483,514
24,40.5478431333988,5.327050683007958,514
25,40.41877849158795,5.386128478967773,514
26,40.29523934989352,5.442129377414589,514
27,40.17684647074575,5.495351447960555,514
28,40.063257585085616,5.546050568199583,514
29,39.95416305558935,5.594447313125169,514
30,39.84928231886761,5.640732527534641,514
31,39.748360071513034,5.685072693603422,514
32,39.65116320044864,5.727614179334727,514
33,39.557478330318666,5.76848661814581,514
34,39.4671094631617,5.807805839003612,514
35,39.379875936294376,5.845676254402179,514
36,39.29561094066307,5.882192500284374,514
37,39.21416018890308,5.917440801987482,514
38,39.135380570792364,5.951500138976829,514
39,39.05913903708536,5.984443258136907,514
40,38.985311698660986,6.016337467615731,514
41,38.913783033920275,6.0472451560974445,514
42,38.84444515667718,6.077224249849694,514
43,38.77719707225975,6.106328727365914,514
44,38.711944355647624,6.134608772329206,514
45,38.648598386838756,6.162111148882478,514
46,38.58707616924026,6.188879239035707,514
47,38.527300143557575,6.214953093618915,514
48,38.46919736086744,6.240370037502352,514
49,38.412699197979876,6.265164782020723,514
50,38.35774114436472,6.289369485262449,514
51,38.304262441928714,6.313014109358982,514
52,38.252205831866604,6.33612642683401,514
53,38.20151723809688,6.358732148156146,514
54,38.152145412472606,6.380855225363317,514
55,38.1040416732902,6.402518172501971,514
56,38.05716044100102,6.423741381376033,514
57,38.011459054409215,6.444543176989932,514
58,37.96689669101599,6.4649409048256725,514
59,37.92343450162863,6.484950489649086,514
60,37.88103540984705,6.504586710855894,514
