epoch,data_loss,physics_loss
0,1.7757339477539062,0.0033480569254606962
25,0.2783651053905487,0.0036954153329133987
50,0.0878327265381813,0.0033867082092911005
75,0.0561889186501503,0.0037602216470986605
100,0.035907380282878876,0.004143369384109974
125,0.02656959369778633,0.0043039508163928986
150,0.020443839952349663,0.0043767886236310005
175,0.017061157152056694,0.004112576134502888
200,0.012419039383530617,0.0044721621088683605
225,0.008760688826441765,0.004262521862983704
250,0.007578072138130665,0.004185746889561415
275,0.005919407121837139,0.004487310070544481
300,0.004985244944691658,0.004003895912319422
325,0.004033766686916351,0.004402200225740671
350,0.00417590606957674,0.004457453731447458
375,0.003142692381516099,0.004041021689772606
400,0.003160367254167795,0.004581932909786701
425,0.0031587565317749977,0.0042647309601306915
450,0.002413294045254588,0.0042963637970387936
475,0.0022359357681125402,0.004434671718627214
500,0.0023664983455091715,0.004159333184361458
525,0.0019406172214075923,0.004581932909786701
550,0.0019667434971779585,0.0043440391309559345
575,0.0018920325674116611,0.0039878785610198975
600,0.0017901076935231686,0.004274697043001652
625,0.0015507533680647612,0.004279601853340864
650,0.0014661583118140697,0.004397864453494549
675,0.0013950152788311243,0.0043852562084794044
700,0.001265389146283269,0.004361018538475037
725,0.0012753934133797884,0.004330899100750685
750,0.0015101914759725332,0.0042287386022508144
775,0.001312078908085823,0.004240740090608597
800,0.001282939687371254,0.0043057226575911045
825,0.0012550449464470148,0.004301747772842646
850,0.0011707700323313475,0.004378355573862791
875,0.0010751206427812576,0.004279291722923517
900,0.0010170018067583442,0.004270147066563368
925,0.0008377248886972666,0.004343737382441759
950,0.0010632644407451153,0.004520471673458815
975,0.0011799295898526907,0.005029914900660515
1000,0.001032058848068118,0.0040495749562978745
1025,0.0009674863540567458,0.004121614154428244
1050,0.0007794735720381141,0.004302698653191328
1075,0.0009389194892719388,0.004371607676148415
1100,0.000754981767386198,0.0048312777653336525
1125,0.0007451919373124838,0.004437320400029421
1150,0.0009168959222733974,0.004084076266735792
1175,0.0008009676821529865,0.0043306294828653336
1200,0.0007560647209174931,0.004651914816349745
1225,0.0007064432138577104,0.004587612114846706
1250,0.0008943714201450348,0.004155337810516357
1275,0.0005267476080916822,0.004268179647624493
1300,0.0017274748533964157,0.003966379910707474
1325,0.0004830739344470203,0.0040145376697182655
1350,0.0009347049635834992,0.003933232743293047
1375,0.0004616340738721192,0.004044812638312578
1400,0.000750497099943459,0.004212429281324148
1425,0.0005002510733902454,0.004201875533908606
1450,0.0006410095375031233,0.004281053319573402
1475,0.0004594928177539259,0.0042937202379107475
1500,0.0004893111763522029,0.0042295013554394245
1525,0.00035988446325063705,0.0045865802094340324
1550,0.00037625047843903303,0.004401831887662411
1575,0.0005985498428344727,0.004373160190880299
1600,0.0007657634560018778,0.00420486880466342
1625,0.00033309246646240354,0.004415007773786783
1650,0.0006911293603479862,0.004134847782552242
1675,0.00038490560837090015,0.0042921858839690685
1700,0.00042646192014217377,0.0047054775059223175
1725,0.0003368256730027497,0.0043026902712881565
1750,0.0005033387569710612,0.004199892748147249
1775,0.00028885359643027186,0.004329941235482693
1800,0.0003475802077446133,0.004279161337763071
1825,0.0004447490209713578,0.004317744635045528
1850,0.0007928838022053242,0.004066490568220615
1875,0.0003861336153931916,0.004202966578304768
1900,0.00028642587130889297,0.00426328694447875
1925,0.0003150383708998561,0.004465240985155106
1950,0.0004305620095692575,0.00427883630618453
1975,0.0004842603811994195,0.00407444266602397
2000,0.00018953105609398335,0.004387285560369492
2025,0.0002567032934166491,0.004106167238205671
2050,0.00019927859830204397,0.004208051133900881
2075,0.0002618603175505996,0.00442732498049736
2100,0.0002930602931883186,0.004335451405495405
2125,0.0003347664314787835,0.004315838683396578
2150,0.0002481801784597337,0.0046221669763326645
2175,0.0002796210173983127,0.003848054213449359
2200,0.00023603267618454993,0.004965088330209255
2225,0.00023674819385632873,0.004314759746193886
2250,0.0002269423712277785,0.004718193784356117
2275,0.00030055249226279557,0.004341190680861473
2300,0.0002645279746502638,0.004376101307570934
2325,0.0001794681593310088,0.004425779916346073
2350,0.0002971657086163759,0.004722131881862879
2375,0.00026116962544620037,0.004326903261244297
2400,0.0001909562124637887,0.0042409831658005714
2425,0.0002594779944047332,0.004387122578918934
2450,0.0002376134361838922,0.00450109364464879
2475,0.00029560690745711327,0.00446299696341157
2500,0.00025669109891168773,0.004289334639906883
2525,0.00026615808019414544,0.0045114136300981045
2550,0.0002109819615725428,0.004219403024762869
2575,0.00023457114002667367,0.00468126405030489
2600,0.00023684711777605116,0.003956052009016275
2625,0.00022280769189819694,0.00428030826151371
2650,0.0002216887951362878,0.004730549640953541
2675,0.00030252878786996007,0.0042050681076943874
2700,0.00036331344745121896,0.00428027892485261
2725,0.0002674731658771634,0.0043345121666789055
2750,0.00019786949269473553,0.00446065329015255
2775,0.00027091294759884477,0.004263174254447222
2800,0.00031389857758767903,0.004111256450414658
2825,0.00028941151686012745,0.004290927201509476
2850,0.000208320067031309,0.0044038728810846806
2875,0.0002761493669822812,0.003987971227616072
2900,0.00020852970192208886,0.0043292720802128315
2925,0.0002266548981424421,0.004342377185821533
2950,0.00027838587993755937,0.004351323004812002
2975,0.0002164636825909838,0.00451813405379653
3000,0.00023443583631888032,0.004139268305152655
3025,0.0002397776988800615,0.004141594283282757
3050,0.00015764246927574277,0.00418813107535243
3075,0.0002034180797636509,0.004356924444437027
3100,0.00032928382279351354,0.003959270194172859
3125,0.0001878258481156081,0.004588439594954252
3150,0.00025703743449412286,0.004612978082150221
3175,0.0003489364171400666,0.004221972543746233
3200,0.0003104237839579582,0.004250566475093365
3225,0.00020354389562271535,0.0046175098977983
3250,0.00033142679603770375,0.00433367770165205
3275,0.0003133960999548435,0.004282478243112564
3300,0.00017787169781513512,0.004488312639296055
3325,0.0001921492221299559,0.0043882462196052074
3350,0.0001962473033927381,0.004453965462744236
3375,0.00021874286176171154,0.004084605257958174
3400,0.0002663111954461783,0.004047522321343422
3425,0.0001837630261434242,0.004465294536203146
3450,0.00028765841852873564,0.0043283626437187195
3475,0.00021968010696582496,0.004392553586512804
3500,0.0001760619052220136,0.004355339799076319
3525,0.00023344736837316304,0.004210902377963066
3550,0.0003767849993892014,0.004388019442558289
3575,0.00022673273633699864,0.004190594423562288
3600,0.00027491652872413397,0.00439637852832675
3625,0.0002196394489146769,0.004242312163114548
3650,0.00014251141692511737,0.0038204160518944263
3675,0.00032381777418777347,0.00451255589723587
3700,0.000243115151533857,0.004470393061637878
3725,0.00021250547433737665,0.00436045415699482
3750,0.00018371657643001527,0.004297919105738401
3775,0.00023706740466877818,0.004063235595822334
3800,0.0001462880609324202,0.004387659020721912
3825,0.00016034857253544033,0.004677251912653446
3850,0.00024476018734276295,0.004258542321622372
3875,0.0002907708694692701,0.0038826637901365757
3900,0.00021104005281813443,0.004370199516415596
3925,0.0002775966713670641,0.003971883095800877
3950,0.0003484283806756139,0.0038685754407197237
3975,0.0001896439353004098,0.0042002261616289616
4000,0.00032303520129062235,0.0040933554992079735
4025,0.00016466277884319425,0.004708393011242151
4050,0.00024277585907839239,0.004087465349584818
4075,0.00015215270104818046,0.004240794572979212
4100,0.00024892971850931644,0.004287497606128454
4125,0.00022901210468262434,0.004368976224213839
4150,0.0002633341937325895,0.004591974429786205
4175,0.00014595681568607688,0.004405472427606583
4200,0.00019496551249176264,0.004388086032122374
4225,0.00022947657271288335,0.004207094199955463
4250,0.00013371632667258382,0.004529896657913923
4275,0.0002427651488687843,0.004512596409767866
4300,0.0002504881122149527,0.004292953293770552
4325,0.00015603547217324376,0.004462964367121458
4350,0.00023266255448106676,0.00430665910243988
4375,0.00017767677491065115,0.00410687318071723
4400,0.00017007376300171018,0.004305677954107523
4425,0.00014396161714103073,0.004744979552924633
4450,0.00015042844461277127,0.004249271005392075
4475,0.00013557825877796859,0.0041183228604495525
4500,0.00014223615289665759,0.004670962691307068
4525,0.00021217126050032675,0.004264561925083399
4550,0.00013827075599692762,0.004076491575688124
4575,0.0001876160822575912,0.004448668099939823
4600,9.526147186988965e-05,0.0042592198587954044
4625,0.00020913241314701736,0.004546484909951687
4650,0.0001581867691129446,0.004592245910316706
4675,0.00015540065942332149,0.0042988331988453865
4700,0.00019197903748136014,0.004524242132902145
4725,0.0001436919264961034,0.004351126961410046
4750,0.00017162450239993632,0.0040930793620646
4775,0.00012591952690854669,0.004241997376084328
4800,0.0001706918701529503,0.0040833656676113605
4825,0.00012963639164809138,0.004383285064250231
4850,0.00011171751248184592,0.004384859465062618
4875,0.00015412986977025867,0.004454470239579678
4900,0.0001755087578203529,0.004245511256158352
4925,0.0001796447904780507,0.004589349031448364
4950,0.00012585337390191853,0.004340065643191338
4975,0.00020152414799667895,0.004207717254757881
5000,0.00016093389422167093,0.004295910708606243
5025,0.000207805642276071,0.004158445633947849
5050,0.0002715106529649347,0.003975925035774708
5075,0.00021349734743125737,0.004395552910864353
5100,0.00010943383676931262,0.004325228743255138
5125,0.00011604274186538532,0.004845882300287485
5150,0.00016147721908055246,0.004089898895472288
5175,0.00020133305224590003,0.004507550969719887
5200,0.00020970638433936983,0.0041321334429085255
5225,0.0001894382294267416,0.004562003538012505
5250,0.00010193202615482733,0.00452663516625762
5275,0.0002017883089138195,0.004171888809651136
5300,0.00010520634532440454,0.004133026115596294
5325,0.0001778846199158579,0.004215084481984377
5350,0.00021806021686643362,0.004330307710915804
5375,0.00022377775167115033,0.004248690791428089
5400,0.0001373461273033172,0.003920138347893953
5425,0.0001249781926162541,0.0045134034007787704
5450,0.00014260172611102462,0.004197065718472004
5475,0.0001388387754559517,0.004328759387135506
5500,0.00014230416854843497,0.00447091506794095
5525,0.00013877605670131743,0.0040567065589129925
5550,0.0001857924071373418,0.004478296730667353
5575,0.00018153732526116073,0.004279457498341799
5600,0.00016968054114840925,0.004251417238265276
5625,0.0002516483364161104,0.004619911778718233
5650,0.00024656939785927534,0.0040829177014529705
5675,0.0001460144412703812,0.004175100009888411
5700,0.0001788614026736468,0.00436027068644762
5725,0.0001374507846776396,0.004227642901241779
5750,0.00016632626648060977,0.004468215629458427
5775,0.00022128323325887322,0.004301498178392649
5800,0.00018694103346206248,0.004574173595756292
5825,0.00020782090723514557,0.004605462308973074
5850,0.00022373642423190176,0.004335422534495592
5875,0.000110439388663508,0.004588454961776733
5900,0.00016078155022114515,0.004073023330420256
5925,0.00012386329763103276,0.004355772864073515
5950,0.0002996265538968146,0.004443676210939884
5975,0.0001589131134096533,0.004148352425545454
6000,0.0002836677595041692,0.004186764359474182
6025,0.00014904593990650028,0.0038494719192385674
6050,0.00010859325993806124,0.004101373255252838
6075,0.00014909764286130667,0.004161205608397722
6100,0.00012031198275508359,0.004246475175023079
6125,0.0001590967585798353,0.004739018622785807
6150,0.00012961126049049199,0.004629568662494421
6175,0.0001073462117346935,0.004422486759722233
6200,0.00012977965525351465,0.004236009903252125
6225,0.0002185844350606203,0.004607455804944038
6250,0.0001162099651992321,0.004232901614159346
6275,0.00010141305392608047,0.004390709567815065
6300,8.054332283791155e-05,0.004335679579526186
6325,0.000181874493137002,0.004338836297392845
6350,0.0001827845990192145,0.0043349857442080975
6375,0.00012951735698152333,0.004554139915853739
6400,0.00013651620247401297,0.004159372765570879
6425,0.00017246560310013592,0.004367479123175144
6450,0.00010032740829046816,0.004311421886086464
6475,0.00011727920355042443,0.004158903378993273
6500,0.00013890874106436968,0.0041519952937960625
6525,0.00015921263548079878,0.0042305001989007
6550,0.0001692047226242721,0.004301166161894798
6575,0.00013263561413623393,0.004293860401958227
6600,0.00010143988765776157,0.0042984578758478165
6625,0.00016061673522926867,0.004483475815504789
6650,0.00019136232731398195,0.0041409931145608425
6675,0.00015814261860214174,0.0040672896429896355
6700,0.00011969957267865539,0.0047161635011434555
6725,0.00013533365563489497,0.0047261593863368034
6750,0.00016044294170569628,0.004642540123313665
6775,0.00015859804989304394,0.004074515774846077
6800,9.972457337426022e-05,0.004229795653373003
6825,0.00013751543883699924,0.004164381418377161
6850,0.00015111190441530198,0.0041266148909926414
6875,0.00010008198296418414,0.004936979152262211
6900,0.0001639956171857193,0.004468072671443224
6925,0.00017798217595554888,0.0044289520010352135
6950,0.00019073099247179925,0.004695627372711897
6975,0.00022357149282470345,0.004340046085417271
7000,0.00010482431389391422,0.004821905866265297
7025,0.0001922191004268825,0.004274413455277681
7050,0.00018325989367440343,0.00420945230871439
7075,0.00017944397404789925,0.004408913664519787
7100,0.00011818673374364153,0.004249657038599253
7125,0.00014998068218119442,0.004384012892842293
7150,0.00019381975289434195,0.0038674394600093365
7175,0.0001529194414615631,0.004117041360586882
7200,0.00020218099234625697,0.003947085235267878
7225,0.00022140554210636765,0.004418211057782173
7250,0.00019630692258942872,0.004591750912368298
7275,9.903566387947649e-05,0.0043412125669419765
7300,0.00014337818720377982,0.004345715511590242
7325,0.00015353161143139005,0.0043872962705791
7350,0.00016264761507045478,0.00429172208532691
7375,0.00023638270795345306,0.0040224818512797356
7400,0.00016211121692322195,0.004400143399834633
7425,7.9458171967417e-05,0.004362054634839296
7450,0.0001696926774457097,0.0042677451856434345
7475,0.0002424485282972455,0.004054688848555088
7500,0.00014801579527556896,0.004217056091874838
7525,0.0001590524916537106,0.004470429383218288
7550,0.00022357540728989989,0.004312849137932062
7575,0.0001492907467763871,0.004604084882885218
7600,0.0001355358981527388,0.004035465884953737
7625,0.0001516965130576864,0.004392604809254408
7650,0.00012011245416942984,0.004113570787012577
7675,0.0001742952736094594,0.004191274289041758
7700,0.00014363828813657165,0.004467746242880821
7725,0.00016284134471789002,0.004284127149730921
7750,0.00015222826914396137,0.004416327923536301
7775,0.00015817325038369745,0.00425165006890893
7800,0.0001898235932458192,0.0043183378875255585
7825,0.00023689362569712102,0.004412342794239521
7850,7.286039181053638e-05,0.004506845958530903
7875,0.00018422852735966444,0.0045052943751215935
7900,0.00014718907186761498,0.004618396516889334
7925,0.00023718409647699445,0.004426718223839998
7950,0.000183355194167234,0.0040680826641619205
7975,0.00015539977175649256,0.004239543341100216
7999,0.00011234413250349462,0.004165378864854574
