sample,group,batch
A10_AR38_S10,ALS,Study_1
A11_AR39_S11,ALS,Study_1
A12_AR42_S12,ALS,Study_1
A13_AR02_S13,ALS,Study_1
A14_AR07_S14,ALS,Study_1
A15_AR37_S15,ALS,Study_1
A16_AR46_S16,ALS,Study_1
A17_AR47_S17,ALS,Study_1
A18_AR50_S18,ALS,Study_1
A19_AR04_S18,ALS,Study_1
A1_AR01_S1,ALS,Study_1
A20_AR05_S18,ALS,Study_1
A21_AR08_S18,ALS,Study_1
A22_AR11_S18,ALS,Study_1
A23_AR12_S18,ALS,Study_1
A24_AR13_S18,ALS,Study_1
A25_AR15_S18,ALS,Study_1
A26_AR17_S18,ALS,Study_1
A27_AR18_S18,ALS,Study_1
A28_AR19_S18,ALS,Study_1
A29_AR21_S18,ALS,Study_1
A2_AR14_S2,ALS,Study_1
A30_AR22_S18,ALS,Study_1
A31_AR23_S18,ALS,Study_1
A32_AR25_S18,ALS,Study_1
A33_AR27_S18,ALS,Study_1
A34_AR28_S18,ALS,Study_1
A35_AR29_S18,ALS,Study_1
A36_AR30_S18,ALS,Study_1
A37_AR32_S18,ALS,Study_1
A38_AR34_S18,ALS,Study_1
A39_AR35_S18,ALS,Study_1
A3_AR20_S3,ALS,Study_1
A40_AR40_S18,ALS,Study_1
A41_AR41_S18,ALS,Study_1
A42_AR45_S18,ALS,Study_1
A43_AR48_S18,ALS,Study_1
A44_AR49_S18,ALS,Study_1
A45_AR51_S18,ALS,Study_1
A4_AR31_S4,ALS,Study_1
A5_AR43_S5,ALS,Study_1
A6_AR44_S6,ALS,Study_1
A7_AR06_S7,ALS,Study_1
A8_AR26_S8,ALS,Study_1
A9_AR33_S9,ALS,Study_1
C1_1113242_S4,Control,Study_2
C2_1118241_S5,Control,Study_2
C3_1112241_S6,Control,Study_2
C4_1113243_S7,Control,Study_2
C5_1113241_S8,Control,Study_2
C6_1118242_S9,Control,Study_2
C7_1114241_S10,Control,Study_2
C8_1115241_S11,Control,Study_2
C9_116241_S12,Control,Study_2
S1_REGSSC043_S19,Control,Study_5
S2_REGRA003_S20,Control,Study_5
S3_REGSSC014_S21,Control,Study_5
S4_REGSSC218_S22,Control,Study_5
S5_WNT009_S23,Control,Study_4
S6_REGSSC119_S24,Control,Study_5
