,PC1,PC2
A10_AR38_S10,11.059250633393363,-7.909016218259118
A11_AR39_S11,6.767789115202903,0.6144891703054705
A12_AR42_S12,3.9023317965358024,6.9219840719637
A13_AR02_S13,-8.796348893997585,2.2915532210669878
A14_AR07_S14,12.82673564994695,1.7630393851438666
A15_AR37_S15,-13.231717153532156,3.730675098935845
A16_AR46_S16,1.4711241943476778,5.745360069830038
A17_AR47_S17,8.542744533327097,-2.4349149644464507
A18_AR50_S18,7.947299674928813,-3.7904269981543357
A19_AR04_S18,-9.427512014877658,-0.35824028892058063
A1_AR01_S1,9.138323591884749,-0.06942222608795481
A20_AR05_S18,-7.482514362911323,-1.1749575732373991
A21_AR08_S18,7.523377573652978,-1.3412440846500544
A22_AR11_S18,9.559929975508332,-2.631838107761061
A23_AR12_S18,-13.75056118178405,-0.3101134203141316
A24_AR13_S18,-8.937205884940411,-0.4538828730188362
A25_AR15_S18,-14.286585130397942,-0.31675516657323866
A26_AR17_S18,-1.4446521523879758,-0.2288824223119557
A27_AR18_S18,-6.7746424064403294,0.69360530632032
A28_AR19_S18,1.9615373686606512,-7.221578667202633
A29_AR21_S18,8.883050162312308,-0.8337739833928092
A2_AR14_S2,8.887946309980089,-3.6157892091621013
A30_AR22_S18,-1.246094308997298,-8.887464363540179
A31_AR23_S18,-9.051492821743649,-2.4238286136022
A32_AR25_S18,-13.754737877656046,-0.6077190639515063
A33_AR27_S18,-18.92037886119478,1.6777746786369085
A34_AR28_S18,7.046132970604698,-1.3327785263367402
A35_AR29_S18,-15.633903341047876,-0.22137326210691857
A36_AR30_S18,-8.566832221309497,1.1160350177697707
A37_AR32_S18,9.611936200087683,0.2148371165715036
A38_AR34_S18,0.7834754368355179,-6.16654006833485
A39_AR35_S18,-10.73386797019635,-0.47561553623338493
A3_AR20_S3,3.832162112171704,24.076827669650072
A40_AR40_S18,-12.902160588887948,1.2461121705237466
A41_AR41_S18,-3.6228042303474046,-4.690209521613139
A42_AR45_S18,-8.275756569978657,-1.518456576894305
A43_AR48_S18,-5.976673336235644,-2.8486972480167463
A44_AR49_S18,0.8153527649091838,-6.234133774859135
A45_AR51_S18,13.926425148041641,3.0731399169004012
A4_AR31_S4,-10.790070017767123,0.10844161315712755
A5_AR43_S5,7.390615884043674,7.15085614660061
A6_AR44_S6,-1.9025373662024052,5.161280656868298
A7_AR06_S7,-9.626193827218987,0.5230871525947062
A8_AR26_S8,11.748270858194434,1.8123426874179522
A9_AR33_S9,9.85977218699762,0.940868767234476
C1_1113242_S4,10.08585102807294,-2.8540249990693316
C2_1118241_S5,3.9373924822076614,-1.2640747239780012
C3_1112241_S6,5.970320824548179,-1.310919615751636
C4_1113243_S7,8.014329578661215,-0.27300507977228944
C5_1113241_S8,7.935101859102565,-2.1466058858306956
C6_1118242_S9,13.016223709293367,0.6587600448923536
C7_1114241_S10,9.025630216874328,-1.3471207137671346
C8_1115241_S11,5.1061248360850575,-0.03454982290005603
C9_116241_S12,-1.583610188285368,0.396385826004497
S1_REGSSC043_S19,-0.2685078941832784,2.4109575902460127
S2_REGRA003_S20,-6.352029223651232,-0.3631262158190775
S3_REGSSC014_S21,-10.82863552771673,-0.8209169348434062
S4_REGSSC218_S22,-12.281966887731286,0.8331588360606836
S5_WNT009_S23,8.503963507239362,1.9829821646312593
S6_REGSSC119_S24,11.369470057968387,3.3674423713868333
